{"stats":{"minecraft:killed":{"minecraft:sheep":1},"minecraft:custom":{"minecraft:jump":62,"minecraft:time_since_rest":2232,"minecraft:damage_dealt":110,"minecraft:sprint_one_cm":11994,"minecraft:play_time":2232,"minecraft:damage_taken":20,"minecraft:time_since_death":2232,"minecraft:walk_one_cm":5855,"minecraft:total_world_time":2232,"minecraft:mob_kills":1,"minecraft:fall_one_cm":2630,"minecraft:fly_one_cm":12419},"minecraft:mined":{"minecraft:grass":1,"minecraft:vine":6},"minecraft:picked_up":{"minecraft:mutton":2,"minecraft:white_wool":1}},"DataVersion":3120}