{"stats":{"minecraft:killed":{"minecraft:sheep":1},"minecraft:used":{"minecraft:dirt":14},"minecraft:custom":{"minecraft:jump":68,"minecraft:time_since_rest":14232,"minecraft:damage_dealt":110,"minecraft:sprint_one_cm":14774,"minecraft:play_time":14232,"minecraft:damage_taken":20,"minecraft:time_since_death":14232,"minecraft:walk_one_cm":6962,"minecraft:total_world_time":14232,"minecraft:mob_kills":1,"minecraft:fall_one_cm":3257,"minecraft:fly_one_cm":14038},"minecraft:mined":{"minecraft:grass":2,"minecraft:grass_block":13,"minecraft:vine":6,"minecraft:dirt":1},"minecraft:picked_up":{"minecraft:mutton":2,"minecraft:dirt":14,"minecraft:white_wool":1}},"DataVersion":3120}